ride_id,rideable_type,started_at,ended_at,start_hour,trip length,start_station_name,start_station_id,end_station_name,end_station_id,start_lat,start_lng,end_lat,end_lng,member_casual,start_loc,end_loc
65DBD2F447EC51C2,electric_bike,2022-12-05 10:47:18,2022-12-05 10:56:34,10,50:44,Clifton Ave & Armitage Ave,TA1307000163,Sedgwick St & Webster Ave,13191,41.9182435,-87.6571146666667,41.922167,-87.638888,member,"41.9182435,-87.6571146666667","41.922167,-87.638888"
0C201AA7EA0EA1AD,classic_bike,2022-12-18 06:42:33,2022-12-18 07:08:44,6,33:49,Broadway & Belmont Ave,13277,Sedgwick St & Webster Ave,13191,41.940106,-87.645451,41.922167,-87.638888,casual,"41.940106,-87.645451","41.922167,-87.638888"
E0B148CCB358A49D,electric_bike,2022-12-13 08:47:45,2022-12-13 08:59:51,8,47:54,Sangamon St & Lake St,TA1306000015,St. Clair St & Erie St,13016,41.885918856,-87.65113318,41.8943451374243,-87.6227983832359,member,"41.885918856,-87.65113318","41.8943451374243,-87.6227983832359"
54C5775D2B7C9188,classic_bike,2022-12-13 18:50:47,2022-12-13 19:19:48,18,30:59,Shields Ave & 31st St,KA1503000038,Damen Ave & Madison St,13134,41.838464,-87.635406,41.88137,-87.67493,member,"41.838464,-87.635406","41.88137,-87.67493"
A4891F78776D35DF,classic_bike,2022-12-14 16:13:39,2022-12-14 16:27:50,16,45:49,Ashland Ave & Chicago Ave,13247,Damen Ave & Charleston St,13288,41.8959543573431,-87.6677280664444,41.920082,-87.677855,casual,"41.8959543573431,-87.6677280664444","41.920082,-87.677855"
DB91D9B8DFACA07A,electric_bike,2022-12-02 15:24:47,2022-12-02 15:34:14,15,50:33,Wabash Ave & 9th St,TA1309000010,Wacker Dr & Washington St,KA1503000072,41.870683551,-87.625706077,41.8831433643902,-87.6372420787811,member,"41.870683551,-87.625706077","41.8831433643902,-87.6372420787811"
6AD396C5760CC992,classic_bike,2022-12-20 09:02:03,2022-12-20 09:19:54,9,42:09,Leavitt St & Chicago Ave,18058,Wacker Dr & Washington St,KA1503000072,41.895501,-87.682017,41.8831433643902,-87.6372420787811,member,"41.895501,-87.682017","41.8831433643902,-87.6372420787811"
8D736E35E0075504,classic_bike,2022-12-13 14:19:49,2022-12-13 14:28:28,14,51:21,Humboldt Blvd & Armitage Ave,15651,Spaulding Ave & Armitage Ave,15650,41.91751339399,-87.7018089555,41.9171080347893,-87.7102209627628,member,"41.91751339399,-87.7018089555","41.9171080347893,-87.7102209627628"
DDAB881F96C51DC8,classic_bike,2022-12-13 07:38:07,2022-12-13 07:57:01,7,41:06,Canal St & Adams St,13011,St. Clair St & Erie St,13016,41.879255,-87.639904,41.8943451374243,-87.6227983832359,member,"41.879255,-87.639904","41.8943451374243,-87.6227983832359"
8DDBAE51E55DAEEF,classic_bike,2022-12-21 08:57:42,2022-12-21 09:10:59,8,46:43,Greenview Ave & Fullerton Ave,TA1307000001,Southport Ave & Waveland Ave,13235,41.92533,-87.6658,41.94815,-87.66394,member,"41.92533,-87.6658","41.94815,-87.66394"
37BCF0C0B553F0A1,classic_bike,2022-12-12 17:56:26,2022-12-12 18:02:41,17,53:45,Canal St & Adams St,13011,Sangamon St & Washington Blvd,13409,41.879255,-87.639904,41.883165,-87.6511,member,"41.879255,-87.639904","41.883165,-87.6511"
1B133362A3F86A2C,classic_bike,2022-12-06 17:07:34,2022-12-06 17:14:22,17,53:12,Canal St & Adams St,13011,Sangamon St & Washington Blvd,13409,41.879255,-87.639904,41.883165,-87.6511,member,"41.879255,-87.639904","41.883165,-87.6511"
DF0DC4C1FF01E3EF,classic_bike,2022-12-29 17:46:08,2022-12-29 17:52:34,17,53:33,Canal St & Adams St,13011,Sangamon St & Washington Blvd,13409,41.879255,-87.639904,41.883165,-87.6511,member,"41.879255,-87.639904","41.883165,-87.6511"
0D58B8FC23315D59,classic_bike,2022-12-01 21:38:56,2022-12-01 21:46:05,21,52:50,Canal St & Adams St,13011,Sangamon St & Washington Blvd,13409,41.879255,-87.639904,41.883165,-87.6511,member,"41.879255,-87.639904","41.883165,-87.6511"
462D7A9C0323B0C9,classic_bike,2022-12-03 15:52:58,2022-12-03 15:56:26,15,56:32,Humboldt Blvd & Armitage Ave,15651,Spaulding Ave & Armitage Ave,15650,41.91751339399,-87.7018089555,41.9171080347893,-87.7102209627628,member,"41.91751339399,-87.7018089555","41.9171080347893,-87.7102209627628"
9F827DE27022F311,electric_bike,2022-12-01 07:08:13,2022-12-01 07:18:04,7,50:09,Ashland Ave & Chicago Ave,13247,Wacker Dr & Washington St,KA1503000072,41.8959825,-87.667694,41.8831433643902,-87.6372420787811,member,"41.8959825,-87.667694","41.8831433643902,-87.6372420787811"
58E5482C771A98BE,classic_bike,2022-12-28 22:01:54,2022-12-28 22:11:05,22,50:49,Broadway & Belmont Ave,13277,Southport Ave & Waveland Ave,13235,41.940106,-87.645451,41.94815,-87.66394,member,"41.940106,-87.645451","41.94815,-87.66394"
46FD5C26A4020ED1,classic_bike,2022-12-19 11:28:51,2022-12-19 11:52:48,11,36:03,Sedgwick St & North Ave,TA1307000038,St. Clair St & Erie St,13016,41.911386,-87.638677,41.8943451374243,-87.6227983832359,member,"41.911386,-87.638677","41.8943451374243,-87.6227983832359"
F27780BD0F2E0C01,classic_bike,2022-12-21 16:51:20,2022-12-21 17:00:14,16,51:06,Malcolm X College,631,Sangamon St & Washington Blvd,13409,41.877618,-87.673895,41.883165,-87.6511,member,"41.877618,-87.673895","41.883165,-87.6511"
995F741523A9DEAD,classic_bike,2022-12-26 10:46:06,2022-12-26 11:12:30,10,33:36,Ashland Ave & Chicago Ave,13247,St. Clair St & Erie St,13016,41.8959543573431,-87.6677280664444,41.8943451374243,-87.6227983832359,member,"41.8959543573431,-87.6677280664444","41.8943451374243,-87.6227983832359"
FF9A7FC5BCB6D029,electric_bike,2022-12-01 09:14:39,2022-12-01 09:26:56,9,47:43,Sedgwick St & North Ave,TA1307000038,Wacker Dr & Washington St,KA1503000072,41.911387205,-87.638651967,41.8831433643902,-87.6372420787811,member,"41.911387205,-87.638651967","41.8831433643902,-87.6372420787811"
1B2898656A62F1FB,electric_bike,2022-12-10 21:47:52,2022-12-10 22:07:02,21,40:50,Clifton Ave & Armitage Ave,TA1307000163,Spaulding Ave & Armitage Ave,15650,41.918221354,-87.657061577,41.9171080347893,-87.7102209627628,casual,"41.918221354,-87.657061577","41.9171080347893,-87.7102209627628"
A332DD20175E907E,classic_bike,2022-12-03 08:49:51,2022-12-03 09:05:16,8,44:35,Broadway & Belmont Ave,13277,Southport Ave & Waveland Ave,13235,41.940106,-87.645451,41.94815,-87.66394,casual,"41.940106,-87.645451","41.94815,-87.66394"
37D27BD10A147058,classic_bike,2022-12-13 06:55:00,2022-12-13 07:00:18,6,54:42,Sangamon St & Lake St,TA1306000015,Wacker Dr & Washington St,KA1503000072,41.8857792524043,-87.6510246098041,41.8831433643902,-87.6372420787811,member,"41.8857792524043,-87.6510246098041","41.8831433643902,-87.6372420787811"
3945E996AE3304B8,electric_bike,2022-12-09 00:03:47,2022-12-09 00:15:03,0,48:44,Sedgwick St & North Ave,TA1307000038,Southport Ave & Waveland Ave,13235,41.91140008,-87.638733268,41.94815,-87.66394,member,"41.91140008,-87.638733268","41.94815,-87.66394"
05647C706F628864,classic_bike,2022-12-19 14:58:47,2022-12-19 15:00:40,14,58:07,Sangamon St & Lake St,TA1306000015,Sangamon St & Washington Blvd,13409,41.8857792524043,-87.6510246098041,41.883165,-87.6511,member,"41.8857792524043,-87.6510246098041","41.883165,-87.6511"
221B0D4EBCF9D710,electric_bike,2022-12-30 14:07:17,2022-12-30 14:15:19,14,51:58,Broadway & Belmont Ave,13277,Southport Ave & Waveland Ave,13235,41.940076709,-87.645405769,41.94815,-87.66394,member,"41.940076709,-87.645405769","41.94815,-87.66394"
9EC83B7E25B61421,electric_bike,2022-12-16 12:52:54,2022-12-16 12:54:20,12,58:34,Sangamon St & Lake St,TA1306000015,Sangamon St & Washington Blvd,13409,41.8857965,-87.6510563333333,41.883165,-87.6511,member,"41.8857965,-87.6510563333333","41.883165,-87.6511"
5756E0DF84CEF779,classic_bike,2022-12-06 09:20:21,2022-12-06 09:34:17,9,46:04,Sedgwick St & North Ave,TA1307000038,Wacker Dr & Washington St,KA1503000072,41.911386,-87.638677,41.8831433643902,-87.6372420787811,member,"41.911386,-87.638677","41.8831433643902,-87.6372420787811"
B9645D9F60BFD279,classic_bike,2022-12-13 08:45:54,2022-12-13 09:00:19,8,45:35,Sedgwick St & North Ave,TA1307000038,Wacker Dr & Washington St,KA1503000072,41.911386,-87.638677,41.8831433643902,-87.6372420787811,member,"41.911386,-87.638677","41.8831433643902,-87.6372420787811"
D5E154DDC4146EFC,electric_bike,2022-12-03 09:09:55,2022-12-03 09:19:20,9,50:35,Ashland Ave & Chicago Ave,13247,Wacker Dr & Washington St,KA1503000072,41.8959566666667,-87.6677653333333,41.8831433643902,-87.6372420787811,member,"41.8959566666667,-87.6677653333333","41.8831433643902,-87.6372420787811"
7D451A9C489FE4D2,classic_bike,2022-12-10 09:49:06,2022-12-10 10:19:17,9,29:49,Broadway & Belmont Ave,13277,St. Clair St & Erie St,13016,41.940106,-87.645451,41.8943451374243,-87.6227983832359,member,"41.940106,-87.645451","41.8943451374243,-87.6227983832359"
5485FF7449056817,electric_bike,2022-12-03 08:49:57,2022-12-03 09:05:14,8,44:43,Broadway & Belmont Ave,13277,Southport Ave & Waveland Ave,13235,41.9400921666667,-87.6455071666667,41.94815,-87.66394,member,"41.9400921666667,-87.6455071666667","41.94815,-87.66394"
4872327B2E128FA3,electric_bike,2022-12-29 06:05:00,2022-12-29 06:15:07,6,49:52,Sedgwick St & North Ave,TA1307000038,St. Clair St & Erie St,13016,41.911310911,-87.638645411,41.8943451374243,-87.6227983832359,casual,"41.911310911,-87.638645411","41.8943451374243,-87.6227983832359"
475B31AA947B3532,classic_bike,2022-12-30 18:30:36,2022-12-30 18:47:28,18,43:08,Broadway & Belmont Ave,13277,Southport Ave & Waveland Ave,13235,41.940106,-87.645451,41.94815,-87.66394,casual,"41.940106,-87.645451","41.94815,-87.66394"
2D6DA4E97238296E,classic_bike,2022-12-30 18:31:11,2022-12-30 18:47:33,18,43:38,Broadway & Belmont Ave,13277,Southport Ave & Waveland Ave,13235,41.940106,-87.645451,41.94815,-87.66394,casual,"41.940106,-87.645451","41.94815,-87.66394"
45C3839EBB82685C,electric_bike,2022-12-06 07:46:02,2022-12-06 07:54:15,7,51:47,Sheffield Ave & Wellington Ave,TA1307000052,Southport Ave & Waveland Ave,13235,41.93634367,-87.652586699,41.94815,-87.66394,member,"41.93634367,-87.652586699","41.94815,-87.66394"
1A9904B4643A4040,electric_bike,2022-12-02 07:57:50,2022-12-02 08:06:47,7,51:03,Clark St & Elm St,TA1307000039,Wacker Dr & Washington St,KA1503000072,41.9028186666667,-87.6316435,41.8831433643902,-87.6372420787811,member,"41.9028186666667,-87.6316435","41.8831433643902,-87.6372420787811"
6C5CCD62502FF93E,classic_bike,2022-12-15 06:36:57,2022-12-15 06:42:44,6,54:13,Clark St & Elm St,TA1307000039,St. Clair St & Erie St,13016,41.902973,-87.63128,41.8943451374243,-87.6227983832359,member,"41.902973,-87.63128","41.8943451374243,-87.6227983832359"
AF7CDB8B61543025,classic_bike,2022-12-20 13:51:34,2022-12-20 13:56:35,13,54:59,Clark St & Elm St,TA1307000039,St. Clair St & Erie St,13016,41.902973,-87.63128,41.8943451374243,-87.6227983832359,member,"41.902973,-87.63128","41.8943451374243,-87.6227983832359"
8EDB4EFBDF83FB80,classic_bike,2022-12-02 06:31:29,2022-12-02 06:37:23,6,54:06,Clark St & Elm St,TA1307000039,St. Clair St & Erie St,13016,41.902973,-87.63128,41.8943451374243,-87.6227983832359,member,"41.902973,-87.63128","41.8943451374243,-87.6227983832359"
426F5196EC7698E2,classic_bike,2022-12-16 06:29:51,2022-12-16 06:35:08,6,54:43,Clark St & Elm St,TA1307000039,St. Clair St & Erie St,13016,41.902973,-87.63128,41.8943451374243,-87.6227983832359,member,"41.902973,-87.63128","41.8943451374243,-87.6227983832359"
8124DCCE6B070D73,classic_bike,2022-12-12 06:18:55,2022-12-12 06:24:45,6,54:10,Clark St & Elm St,TA1307000039,St. Clair St & Erie St,13016,41.902973,-87.63128,41.8943451374243,-87.6227983832359,member,"41.902973,-87.63128","41.8943451374243,-87.6227983832359"
6DFEF9DDABF9227C,classic_bike,2022-12-06 06:40:23,2022-12-06 06:46:44,6,53:39,Clark St & Elm St,TA1307000039,St. Clair St & Erie St,13016,41.902973,-87.63128,41.8943451374243,-87.6227983832359,member,"41.902973,-87.63128","41.8943451374243,-87.6227983832359"
BD4CDDF4D40EC4D3,electric_bike,2022-12-14 11:10:20,2022-12-14 11:27:21,11,42:59,Western Ave & Roscoe St,15634,Spaulding Ave & Armitage Ave,15650,41.943179,-87.6872345,41.9171080347893,-87.7102209627628,member,"41.943179,-87.6872345","41.9171080347893,-87.7102209627628"
9E7EDB16ACE6AD29,classic_bike,2022-12-12 11:06:02,2022-12-12 11:10:33,11,55:29,Clinton St & Roosevelt Rd,WL-008,Clinton St & Polk St,15542,41.8671177825,-87.6410879593,41.87146651779,-87.6409491327,member,"41.8671177825,-87.6410879593","41.87146651779,-87.6409491327"
E1DCD2C3B9471006,electric_bike,2022-12-06 17:43:11,2022-12-06 19:10:01,17,33:10,Clinton St & Roosevelt Rd,WL-008,St. Clair St & Erie St,13016,41.867122293,-87.641112328,41.8943451374243,-87.6227983832359,member,"41.867122293,-87.641112328","41.8943451374243,-87.6227983832359"
7B560C3213A3BB0A,electric_bike,2022-12-06 12:44:56,2022-12-06 13:00:47,12,44:08,Clark St & Elm St,TA1307000039,Wacker Dr & Washington St,KA1503000072,41.9029671666667,-87.631517,41.8831433643902,-87.6372420787811,member,"41.9029671666667,-87.631517","41.8831433643902,-87.6372420787811"
82BCD0C8C0D190D3,classic_bike,2022-12-03 06:00:39,2022-12-03 06:05:54,6,54:45,Clark St & Elm St,TA1307000039,St. Clair St & Erie St,13016,41.902973,-87.63128,41.8943451374243,-87.6227983832359,member,"41.902973,-87.63128","41.8943451374243,-87.6227983832359"
2355BBE87B5527DF,electric_bike,2022-12-07 06:37:47,2022-12-07 06:42:11,6,55:36,Clark St & Elm St,TA1307000039,St. Clair St & Erie St,13016,41.902684,-87.63177,41.8943451374243,-87.6227983832359,member,"41.902684,-87.63177","41.8943451374243,-87.6227983832359"
0C7B6BF75C0E123F,electric_bike,2022-12-08 06:26:32,2022-12-08 06:30:46,6,55:45,Clark St & Elm St,TA1307000039,St. Clair St & Erie St,13016,41.9026391666667,-87.631762,41.8943451374243,-87.6227983832359,member,"41.9026391666667,-87.631762","41.8943451374243,-87.6227983832359"
CE27CDAE8FE3AF99,classic_bike,2022-12-17 06:35:26,2022-12-17 06:41:47,6,53:38,Clark St & Elm St,TA1307000039,St. Clair St & Erie St,13016,41.902973,-87.63128,41.8943451374243,-87.6227983832359,member,"41.902973,-87.63128","41.8943451374243,-87.6227983832359"
E43CE3856AE07C37,classic_bike,2022-12-04 06:18:24,2022-12-04 06:24:11,6,54:13,Clark St & Elm St,TA1307000039,St. Clair St & Erie St,13016,41.902973,-87.63128,41.8943451374243,-87.6227983832359,member,"41.902973,-87.63128","41.8943451374243,-87.6227983832359"
9D340C0E50AB80B5,classic_bike,2022-12-19 13:51:12,2022-12-19 13:56:04,13,55:08,Clark St & Elm St,TA1307000039,St. Clair St & Erie St,13016,41.902973,-87.63128,41.8943451374243,-87.6227983832359,member,"41.902973,-87.63128","41.8943451374243,-87.6227983832359"
15282481B7D0E291,electric_bike,2022-12-22 05:50:19,2022-12-22 05:55:05,5,55:14,Clark St & Elm St,TA1307000039,St. Clair St & Erie St,13016,41.9026361666667,-87.6316126666667,41.8943451374243,-87.6227983832359,member,"41.9026361666667,-87.6316126666667","41.8943451374243,-87.6227983832359"
C5DEA86298A9CB7D,classic_bike,2022-12-28 13:49:29,2022-12-28 13:55:36,13,53:52,Clark St & Elm St,TA1307000039,St. Clair St & Erie St,13016,41.902973,-87.63128,41.8943451374243,-87.6227983832359,member,"41.902973,-87.63128","41.8943451374243,-87.6227983832359"
877F743D4596EE0B,electric_bike,2022-12-06 10:17:15,2022-12-06 10:30:05,10,47:10,Public Rack - Milwaukee Ave & Addison St,502,Bernard St & Elston Ave,18016,41.95,-87.74,41.949923,-87.713949,member,"41.95,-87.74","41.949923,-87.713949"
EB97B3BB18406E4A,classic_bike,2022-12-29 06:36:57,2022-12-29 06:44:31,6,52:26,Clark St & Elm St,TA1307000039,St. Clair St & Erie St,13016,41.902973,-87.63128,41.8943451374243,-87.6227983832359,member,"41.902973,-87.63128","41.8943451374243,-87.6227983832359"
4FF822906A6886A2,electric_bike,2022-12-22 06:37:55,2022-12-22 06:44:13,6,53:42,Clark St & Elm St,TA1307000039,St. Clair St & Erie St,13016,41.90273881,-87.631663203,41.8943451374243,-87.6227983832359,member,"41.90273881,-87.631663203","41.8943451374243,-87.6227983832359"
628632C90F5989A9,electric_bike,2022-12-16 06:38:21,2022-12-16 06:46:12,6,52:09,Clark St & Elm St,TA1307000039,St. Clair St & Erie St,13016,41.9027941666667,-87.6316355,41.8943451374243,-87.6227983832359,member,"41.9027941666667,-87.6316355","41.8943451374243,-87.6227983832359"
39BC3302BD290522,electric_bike,2022-12-21 06:38:14,2022-12-21 06:44:09,6,54:05,Clark St & Elm St,TA1307000039,St. Clair St & Erie St,13016,41.9027395,-87.6315593333333,41.8943451374243,-87.6227983832359,member,"41.9027395,-87.6315593333333","41.8943451374243,-87.6227983832359"
A3C4AFA93407765E,classic_bike,2022-12-24 19:08:01,2022-12-24 19:14:31,19,53:30,Clark St & Elm St,TA1307000039,St. Clair St & Erie St,13016,41.902973,-87.63128,41.8943451374243,-87.6227983832359,member,"41.902973,-87.63128","41.8943451374243,-87.6227983832359"
816C504550626CA2,classic_bike,2022-12-27 19:08:52,2022-12-27 19:15:50,19,53:02,Clark St & Elm St,TA1307000039,St. Clair St & Erie St,13016,41.902973,-87.63128,41.8943451374243,-87.6227983832359,member,"41.902973,-87.63128","41.8943451374243,-87.6227983832359"
8BCEDA8C754B15F9,classic_bike,2022-12-15 19:19:24,2022-12-15 19:30:35,19,48:48,Clark St & Elm St,TA1307000039,St. Clair St & Erie St,13016,41.902973,-87.63128,41.8943451374243,-87.6227983832359,member,"41.902973,-87.63128","41.8943451374243,-87.6227983832359"
C4B4392A2B407AB1,classic_bike,2022-12-26 19:05:07,2022-12-26 19:11:51,19,53:16,Clark St & Elm St,TA1307000039,St. Clair St & Erie St,13016,41.902973,-87.63128,41.8943451374243,-87.6227983832359,member,"41.902973,-87.63128","41.8943451374243,-87.6227983832359"
B6A23C6CB023EC84,electric_bike,2022-12-01 08:37:48,2022-12-01 08:48:43,8,49:04,Clark St & Elm St,TA1307000039,Wacker Dr & Washington St,KA1503000072,41.9025508333333,-87.6318486666667,41.8831433643902,-87.6372420787811,member,"41.9025508333333,-87.6318486666667","41.8831433643902,-87.6372420787811"
657BFB1CB604E253,electric_bike,2022-12-13 05:38:30,2022-12-13 05:43:45,5,54:45,Clark St & Elm St,TA1307000039,St. Clair St & Erie St,13016,41.902682,-87.631563,41.8943451374243,-87.6227983832359,member,"41.902682,-87.631563","41.8943451374243,-87.6227983832359"
424149A172A9F404,electric_bike,2022-12-08 10:10:41,2022-12-08 10:20:24,10,50:17,Clark St & Elm St,TA1307000039,Wacker Dr & Washington St,KA1503000072,41.902915478,-87.631569147,41.8831433643902,-87.6372420787811,member,"41.902915478,-87.631569147","41.8831433643902,-87.6372420787811"
575848F0B30ADB53,electric_bike,2022-12-06 19:02:26,2022-12-06 19:09:49,19,52:37,Clinton St & Roosevelt Rd,WL-008,Wacker Dr & Washington St,KA1503000072,41.8670058333333,-87.640976,41.8831433643902,-87.6372420787811,member,"41.8670058333333,-87.640976","41.8831433643902,-87.6372420787811"
CA5937BC03E82FDE,classic_bike,2022-12-02 06:29:03,2022-12-02 06:36:51,6,52:12,Clark St & Elm St,TA1307000039,St. Clair St & Erie St,13016,41.902973,-87.63128,41.8943451374243,-87.6227983832359,member,"41.902973,-87.63128","41.8943451374243,-87.6227983832359"
7F3489ABBAC162B6,classic_bike,2022-12-06 16:09:19,2022-12-06 16:17:15,16,52:04,Clark St & Elm St,TA1307000039,St. Clair St & Erie St,13016,41.902973,-87.63128,41.8943451374243,-87.6227983832359,member,"41.902973,-87.63128","41.8943451374243,-87.6227983832359"
DC42DD0C477AF3CC,classic_bike,2022-12-28 13:33:22,2022-12-28 13:43:39,13,49:43,Clark St & Elm St,TA1307000039,St. Clair St & Erie St,13016,41.902973,-87.63128,41.8943451374243,-87.6227983832359,member,"41.902973,-87.63128","41.8943451374243,-87.6227983832359"
3B16A7924C25D529,classic_bike,2022-12-08 15:56:55,2022-12-08 16:05:01,15,51:54,Clark St & Elm St,TA1307000039,St. Clair St & Erie St,13016,41.902973,-87.63128,41.8943451374243,-87.6227983832359,member,"41.902973,-87.63128","41.8943451374243,-87.6227983832359"
29E06D052D9E3BC0,electric_bike,2022-12-21 13:47:00,2022-12-21 13:57:36,13,49:24,Clark St & Elm St,TA1307000039,Wacker Dr & Washington St,KA1503000072,41.9029001666667,-87.6316696666667,41.8831433643902,-87.6372420787811,member,"41.9029001666667,-87.6316696666667","41.8831433643902,-87.6372420787811"
332F6731074F33AB,electric_bike,2022-12-21 05:54:47,2022-12-21 05:58:55,5,55:52,Clark St & Elm St,TA1307000039,St. Clair St & Erie St,13016,41.9026136666667,-87.6316296666667,41.8943451374243,-87.6227983832359,member,"41.9026136666667,-87.6316296666667","41.8943451374243,-87.6227983832359"
1756DBF18D603EBD,electric_bike,2022-12-15 12:43:47,2022-12-15 12:54:19,12,49:28,Clark St & Elm St,TA1307000039,Wacker Dr & Washington St,KA1503000072,41.902905226,-87.631590009,41.8831433643902,-87.6372420787811,member,"41.902905226,-87.631590009","41.8831433643902,-87.6372420787811"
C6B7C8C90DBBD6B6,docked_bike,2022-12-16 11:53:25,2022-12-16 12:02:03,11,51:22,Clark St & Elm St,TA1307000039,St. Clair St & Erie St,13016,41.902973,-87.63128,41.894345,-87.622798,casual,"41.902973,-87.63128","41.894345,-87.622798"
412F0C3A67D1646D,electric_bike,2022-12-04 14:58:47,2022-12-04 15:03:23,14,55:23,Clark St & Elm St,TA1307000039,St. Clair St & Erie St,13016,41.902683616,-87.631643057,41.8943451374243,-87.6227983832359,member,"41.902683616,-87.631643057","41.8943451374243,-87.6227983832359"
98961BDB4E267019,electric_bike,2022-12-07 07:43:48,2022-12-07 07:51:27,7,52:21,Sheffield Ave & Wellington Ave,TA1307000052,Southport Ave & Waveland Ave,13235,41.936159253,-87.652602673,41.94815,-87.66394,member,"41.936159253,-87.652602673","41.94815,-87.66394"
3EEF22E2D7E2F64D,classic_bike,2022-12-10 16:57:51,2022-12-10 17:02:39,16,55:12,Clinton St & Roosevelt Rd,WL-008,Clinton St & Polk St,15542,41.8671177825,-87.6410879593,41.87146651779,-87.6409491327,member,"41.8671177825,-87.6410879593","41.87146651779,-87.6409491327"
423D1063438D7AD8,classic_bike,2022-12-13 06:38:00,2022-12-13 06:45:47,6,52:12,Clark St & Elm St,TA1307000039,St. Clair St & Erie St,13016,41.902973,-87.63128,41.8943451374243,-87.6227983832359,member,"41.902973,-87.63128","41.8943451374243,-87.6227983832359"
0DCB573862127F4C,classic_bike,2022-12-07 06:38:31,2022-12-07 06:45:46,6,52:45,Clark St & Elm St,TA1307000039,St. Clair St & Erie St,13016,41.902973,-87.63128,41.8943451374243,-87.6227983832359,member,"41.902973,-87.63128","41.8943451374243,-87.6227983832359"
C7D94F668E059092,electric_bike,2022-12-27 06:30:54,2022-12-27 06:36:21,6,54:33,Clark St & Elm St,TA1307000039,St. Clair St & Erie St,13016,41.902645826,-87.631667376,41.8943451374243,-87.6227983832359,member,"41.902645826,-87.631667376","41.8943451374243,-87.6227983832359"
F0097005E5FBB9E5,electric_bike,2022-12-02 06:40:39,2022-12-02 06:46:48,6,53:51,Clark St & Elm St,TA1307000039,St. Clair St & Erie St,13016,41.903055549,-87.631451011,41.8943451374243,-87.6227983832359,member,"41.903055549,-87.631451011","41.8943451374243,-87.6227983832359"
1F7C7B657D7E0A52,electric_bike,2022-12-05 06:39:30,2022-12-05 06:45:16,6,54:14,Clark St & Elm St,TA1307000039,St. Clair St & Erie St,13016,41.90307951,-87.631529212,41.8943451374243,-87.6227983832359,member,"41.90307951,-87.631529212","41.8943451374243,-87.6227983832359"
34AD0B9C4D005127,classic_bike,2022-12-30 06:35:07,2022-12-30 06:42:43,6,52:24,Clark St & Elm St,TA1307000039,St. Clair St & Erie St,13016,41.902973,-87.63128,41.8943451374243,-87.6227983832359,member,"41.902973,-87.63128","41.8943451374243,-87.6227983832359"
6A76708E6F8BCBD8,classic_bike,2022-12-12 06:37:12,2022-12-12 06:43:50,6,53:22,Clark St & Elm St,TA1307000039,St. Clair St & Erie St,13016,41.902973,-87.63128,41.8943451374243,-87.6227983832359,member,"41.902973,-87.63128","41.8943451374243,-87.6227983832359"
08B3F4DFD050A7FC,electric_bike,2022-12-01 06:21:55,2022-12-01 06:28:22,6,53:33,Clark St & Elm St,TA1307000039,St. Clair St & Erie St,13016,41.903056741,-87.631499052,41.8943451374243,-87.6227983832359,member,"41.903056741,-87.631499052","41.8943451374243,-87.6227983832359"
0B4AC802FF1F65A6,classic_bike,2022-12-20 10:19:56,2022-12-20 13:13:57,10,05:59,Western Ave & Leland Ave,TA1307000140,Southport Ave & Waveland Ave,13235,41.966399801841,-87.6887042820454,41.94815,-87.66394,casual,"41.966399801841,-87.6887042820454","41.94815,-87.66394"
FEE3995A5721C3DC,classic_bike,2022-12-25 19:17:48,2022-12-25 19:23:54,19,53:54,Clark St & Elm St,TA1307000039,St. Clair St & Erie St,13016,41.902973,-87.63128,41.8943451374243,-87.6227983832359,member,"41.902973,-87.63128","41.8943451374243,-87.6227983832359"
7D7DC611022E04C5,electric_bike,2022-12-22 19:15:01,2022-12-22 19:23:59,19,51:02,Clark St & Elm St,TA1307000039,St. Clair St & Erie St,13016,41.902803302,-87.631549597,41.8943451374243,-87.6227983832359,member,"41.902803302,-87.631549597","41.8943451374243,-87.6227983832359"
2587BD76BF3BA23B,classic_bike,2022-12-30 20:56:53,2022-12-30 21:12:49,20,44:04,Western Ave & Roscoe St,15634,Bernard St & Elston Ave,18016,41.943034,-87.687288,41.949923,-87.713949,member,"41.943034,-87.687288","41.949923,-87.713949"
DC7F452CA1A28E24,classic_bike,2022-12-16 19:47:20,2022-12-16 19:58:41,19,48:39,Sheffield Ave & Wellington Ave,TA1307000052,Southport Ave & Waveland Ave,13235,41.9362534831413,-87.6526620984078,41.94815,-87.66394,member,"41.9362534831413,-87.6526620984078","41.94815,-87.66394"
A9CC247A39118BA2,electric_bike,2022-12-11 02:20:20,2022-12-11 02:30:29,2,49:50,Clark St & Elm St,TA1307000039,Sangamon St & Washington Blvd,13409,41.902943492,-87.631461382,41.883165,-87.6511,member,"41.902943492,-87.631461382","41.883165,-87.6511"
5D44D618717426A1,classic_bike,2022-12-01 15:39:05,2022-12-01 15:50:00,15,49:05,Clark St & Elm St,TA1307000039,St. Clair St & Erie St,13016,41.902973,-87.63128,41.8943451374243,-87.6227983832359,member,"41.902973,-87.63128","41.8943451374243,-87.6227983832359"
1BDA4422E3174270,electric_bike,2022-12-10 18:18:40,2022-12-10 18:28:14,18,50:26,Clark St & Elm St,TA1307000039,St. Clair St & Erie St,13016,41.9027228333333,-87.6318353333333,41.8943451374243,-87.6227983832359,member,"41.9027228333333,-87.6318353333333","41.8943451374243,-87.6227983832359"
1E65A6163D514976,classic_bike,2022-12-28 08:58:21,2022-12-28 09:10:23,8,47:58,Clark St & Elm St,TA1307000039,Wacker Dr & Washington St,KA1503000072,41.902973,-87.63128,41.8831433643902,-87.6372420787811,member,"41.902973,-87.63128","41.8831433643902,-87.6372420787811"
9161B3FC5044FE41,electric_bike,2022-12-11 06:27:18,2022-12-11 06:31:26,6,55:52,Clark St & Elm St,TA1307000039,St. Clair St & Erie St,13016,41.902713776,-87.63164866,41.8943451374243,-87.6227983832359,member,"41.902713776,-87.63164866","41.8943451374243,-87.6227983832359"
A08694E1DCC8DD80,classic_bike,2022-12-27 13:33:45,2022-12-27 13:40:29,13,53:16,Clark St & Elm St,TA1307000039,St. Clair St & Erie St,13016,41.902973,-87.63128,41.8943451374243,-87.6227983832359,member,"41.902973,-87.63128","41.8943451374243,-87.6227983832359"
0571785D2371F4AC,classic_bike,2022-12-13 15:50:59,2022-12-13 16:00:24,15,50:35,Clark St & Elm St,TA1307000039,St. Clair St & Erie St,13016,41.902973,-87.63128,41.8943451374243,-87.6227983832359,member,"41.902973,-87.63128","41.8943451374243,-87.6227983832359"
B0199895261AE5DA,classic_bike,2022-12-24 11:41:09,2022-12-24 11:48:40,11,52:29,Clark St & Elm St,TA1307000039,St. Clair St & Erie St,13016,41.902973,-87.63128,41.8943451374243,-87.6227983832359,member,"41.902973,-87.63128","41.8943451374243,-87.6227983832359"
303AE0A2E6521354,classic_bike,2022-12-30 15:41:06,2022-12-30 15:48:32,15,52:34,Clark St & Elm St,TA1307000039,St. Clair St & Erie St,13016,41.902973,-87.63128,41.8943451374243,-87.6227983832359,member,"41.902973,-87.63128","41.8943451374243,-87.6227983832359"
49C74F9E9B51547C,classic_bike,2022-12-12 18:27:58,2022-12-12 18:36:44,18,51:14,Clark St & Elm St,TA1307000039,St. Clair St & Erie St,13016,41.902973,-87.63128,41.8943451374243,-87.6227983832359,member,"41.902973,-87.63128","41.8943451374243,-87.6227983832359"
C581F375F76A1FD9,electric_bike,2022-12-16 11:49:33,2022-12-16 12:02:31,11,47:02,Clark St & Elm St,TA1307000039,St. Clair St & Erie St,13016,41.902560711,-87.631682873,41.8943451374243,-87.6227983832359,member,"41.902560711,-87.631682873","41.8943451374243,-87.6227983832359"
0C3CF0EF95376F7C,classic_bike,2022-12-05 08:12:17,2022-12-05 08:20:00,8,52:17,Clark St & Elm St,TA1307000039,St. Clair St & Erie St,13016,41.902973,-87.63128,41.8943451374243,-87.6227983832359,member,"41.902973,-87.63128","41.8943451374243,-87.6227983832359"
B9FC70CEC34A0167,classic_bike,2022-12-08 12:19:16,2022-12-08 12:27:21,12,51:55,Clark St & Elm St,TA1307000039,St. Clair St & Erie St,13016,41.902973,-87.63128,41.8943451374243,-87.6227983832359,member,"41.902973,-87.63128","41.8943451374243,-87.6227983832359"
266A633EE1A08EE9,classic_bike,2022-12-06 08:26:25,2022-12-06 08:33:58,8,52:26,Clark St & Elm St,TA1307000039,St. Clair St & Erie St,13016,41.902973,-87.63128,41.8943451374243,-87.6227983832359,member,"41.902973,-87.63128","41.8943451374243,-87.6227983832359"
3C9E6AEE9E3ABB13,electric_bike,2022-12-02 16:28:23,2022-12-02 16:36:23,16,51:59,Sheffield Ave & Wellington Ave,TA1307000052,Southport Ave & Waveland Ave,13235,41.9363055,-87.6527156666667,41.94815,-87.66394,member,"41.9363055,-87.6527156666667","41.94815,-87.66394"
FF88B79B8BAF07D2,electric_bike,2022-12-11 17:55:25,2022-12-11 18:03:36,17,51:48,Clark St & Elm St,TA1307000039,Wacker Dr & Washington St,KA1503000072,41.9027765,-87.631737,41.8831433643902,-87.6372420787811,member,"41.9027765,-87.631737","41.8831433643902,-87.6372420787811"
1579879BD2752C0B,classic_bike,2022-12-30 17:26:25,2022-12-30 17:36:18,17,50:06,Sheffield Ave & Wellington Ave,TA1307000052,Southport Ave & Waveland Ave,13235,41.9362534831413,-87.6526620984078,41.94815,-87.66394,member,"41.9362534831413,-87.6526620984078","41.94815,-87.66394"
C3D1A3833403667C,classic_bike,2022-12-21 19:13:52,2022-12-21 19:24:16,19,49:36,Sheffield Ave & Wellington Ave,TA1307000052,Southport Ave & Waveland Ave,13235,41.9362534831413,-87.6526620984078,41.94815,-87.66394,member,"41.9362534831413,-87.6526620984078","41.94815,-87.66394"
57D032FB7B401E28,classic_bike,2022-12-12 19:19:12,2022-12-12 19:24:44,19,54:27,Clark St & Elm St,TA1307000039,St. Clair St & Erie St,13016,41.902973,-87.63128,41.8943451374243,-87.6227983832359,member,"41.902973,-87.63128","41.8943451374243,-87.6227983832359"
C15B4CAA9FFA68E2,classic_bike,2022-12-06 06:38:00,2022-12-06 06:46:29,6,51:31,Clark St & Elm St,TA1307000039,St. Clair St & Erie St,13016,41.902973,-87.63128,41.8943451374243,-87.6227983832359,member,"41.902973,-87.63128","41.8943451374243,-87.6227983832359"
BA04DE296CC6819C,electric_bike,2022-12-04 20:13:55,2022-12-04 20:19:11,20,54:43,Clinton St & Roosevelt Rd,WL-008,900 W Harrison St,13028,41.8671761666667,-87.6411231666667,41.874754,-87.649807,member,"41.8671761666667,-87.6411231666667","41.874754,-87.649807"
14010CCB8FB451F5,electric_bike,2022-12-16 18:02:55,2022-12-16 18:11:24,18,51:31,Clinton St & Roosevelt Rd,WL-008,Loomis St & Lexington St*,chargingstx06,41.8671546666667,-87.6410183333333,41.872168314881,-87.6615495979786,member,"41.8671546666667,-87.6410183333333","41.872168314881,-87.6615495979786"
DCE2C0E0B59A3ABE,classic_bike,2022-12-14 07:51:36,2022-12-14 08:10:26,7,41:10,Leavitt St & Chicago Ave,18058,Wacker Dr & Washington St,KA1503000072,41.895501,-87.682017,41.8831433643902,-87.6372420787811,member,"41.895501,-87.682017","41.8831433643902,-87.6372420787811"
BD4FE9B621067D54,classic_bike,2022-12-21 18:24:19,2022-12-21 18:31:34,18,52:44,Canal St & Adams St,13011,Sangamon St & Washington Blvd,13409,41.879255,-87.639904,41.883165,-87.6511,member,"41.879255,-87.639904","41.883165,-87.6511"
B712E532E046462B,classic_bike,2022-12-13 14:56:48,2022-12-13 15:18:39,14,38:08,Sangamon St & Lake St,TA1306000015,Rush St & Cedar St,KA1504000133,41.8857792524043,-87.6510246098041,41.90230870122,-87.627690528,member,"41.8857792524043,-87.6510246098041","41.90230870122,-87.627690528"
2938150E404614C6,classic_bike,2022-12-02 17:44:53,2022-12-02 17:58:40,17,46:12,Sangamon St & Lake St,TA1306000015,Wells St & Walton St,TA1306000011,41.8857792524043,-87.6510246098041,41.89993001,-87.63443007,member,"41.8857792524043,-87.6510246098041","41.89993001,-87.63443007"
6682B27B2709D08A,electric_bike,2022-12-15 08:50:40,2022-12-15 08:59:44,8,50:56,Sedgwick St & North Ave,TA1307000038,Rush St & Cedar St,KA1504000133,41.9112681666667,-87.638726,41.90230870122,-87.627690528,member,"41.9112681666667,-87.638726","41.90230870122,-87.627690528"
3D9CABC89C2D1F72,electric_bike,2022-12-04 12:00:27,2022-12-04 12:07:55,12,52:32,Sedgwick St & North Ave,TA1307000038,Rush St & Cedar St,KA1504000133,41.9113276666667,-87.6386973333333,41.90230870122,-87.627690528,member,"41.9113276666667,-87.6386973333333","41.90230870122,-87.627690528"
B88C3B1E6598F63A,classic_bike,2022-12-26 14:17:26,2022-12-26 14:24:19,14,53:07,Sedgwick St & North Ave,TA1307000038,Wells St & Walton St,TA1306000011,41.911386,-87.638677,41.89993001,-87.63443007,member,"41.911386,-87.638677","41.89993001,-87.63443007"
822F5CA7469801B8,classic_bike,2022-12-31 12:01:00,2022-12-31 12:19:39,12,41:21,Broadway & Belmont Ave,13277,Wells St & Walton St,TA1306000011,41.940106,-87.645451,41.89993001,-87.63443007,member,"41.940106,-87.645451","41.89993001,-87.63443007"
80CC2BD5CD3B977D,classic_bike,2022-12-01 06:52:34,2022-12-01 06:59:16,6,53:17,Sedgwick St & North Ave,TA1307000038,Wells St & Walton St,TA1306000011,41.911386,-87.638677,41.89993001,-87.63443007,member,"41.911386,-87.638677","41.89993001,-87.63443007"
F48BEA3E36F05544,electric_bike,2022-12-09 19:32:45,2022-12-09 19:44:11,19,48:34,Sangamon St & Lake St,TA1306000015,Damen Ave & Madison St,13134,41.8858825,-87.6511115,41.88137,-87.67493,casual,"41.8858825,-87.6511115","41.88137,-87.67493"
3CB41C9B97CC6752,electric_bike,2022-12-07 08:48:32,2022-12-07 09:01:03,8,47:29,Leavitt St & Chicago Ave,18058,Wacker Dr & Washington St,KA1503000072,41.895546317,-87.681859136,41.8831433643902,-87.6372420787811,member,"41.895546317,-87.681859136","41.8831433643902,-87.6372420787811"
BFB020DF6F660F57,classic_bike,2022-12-10 14:19:22,2022-12-10 14:30:03,14,49:19,Sheridan Rd & Buena Ave,TA1309000027,Southport Ave & Waveland Ave,13235,41.958494,-87.654966,41.94815,-87.66394,member,"41.958494,-87.654966","41.94815,-87.66394"
079B021BAAB36DA2,classic_bike,2022-12-13 17:01:27,2022-12-13 17:07:50,17,53:36,Canal St & Adams St,13011,Sangamon St & Washington Blvd,13409,41.879255,-87.639904,41.883165,-87.6511,member,"41.879255,-87.639904","41.883165,-87.6511"
785E4A274F1954CA,classic_bike,2022-12-02 23:25:46,2022-12-02 23:31:06,23,54:40,Sedgwick St & North Ave,TA1307000038,Sedgwick St & Webster Ave,13191,41.911386,-87.638677,41.922167,-87.638888,member,"41.911386,-87.638677","41.922167,-87.638888"
E300863C2AD6743B,electric_bike,2022-12-04 17:42:24,2022-12-04 17:49:11,17,53:13,Clinton St & Roosevelt Rd,WL-008,900 W Harrison St,13028,41.867101312,-87.641108274,41.874754,-87.649807,member,"41.867101312,-87.641108274","41.874754,-87.649807"
66EDCC657C1E3D41,classic_bike,2022-12-04 11:02:02,2022-12-04 11:12:39,11,49:23,Broadway & Belmont Ave,13277,Sedgwick St & Webster Ave,13191,41.940106,-87.645451,41.922167,-87.638888,member,"41.940106,-87.645451","41.922167,-87.638888"
241F6DAF109D0941,classic_bike,2022-12-02 09:25:44,2022-12-02 09:37:45,9,47:59,Clifton Ave & Armitage Ave,TA1307000163,Sedgwick St & Webster Ave,13191,41.918216,-87.656936,41.922167,-87.638888,member,"41.918216,-87.656936","41.922167,-87.638888"
27307451BD4D8F44,classic_bike,2022-12-04 14:47:35,2022-12-04 14:52:42,14,54:53,Sedgwick St & North Ave,TA1307000038,Sedgwick St & Webster Ave,13191,41.911386,-87.638677,41.922167,-87.638888,member,"41.911386,-87.638677","41.922167,-87.638888"
70E5A6BDE361E069,classic_bike,2022-12-02 23:25:37,2022-12-02 23:31:14,23,54:23,Sedgwick St & North Ave,TA1307000038,Sedgwick St & Webster Ave,13191,41.911386,-87.638677,41.922167,-87.638888,member,"41.911386,-87.638677","41.922167,-87.638888"
011A0F38EB121A53,classic_bike,2022-12-14 17:59:23,2022-12-14 18:04:37,17,54:46,Sedgwick St & North Ave,TA1307000038,Sedgwick St & Webster Ave,13191,41.911386,-87.638677,41.922167,-87.638888,member,"41.911386,-87.638677","41.922167,-87.638888"
86EC2D11F71948E3,classic_bike,2022-12-08 18:21:13,2022-12-08 18:25:31,18,55:42,Sedgwick St & North Ave,TA1307000038,Sedgwick St & Webster Ave,13191,41.911386,-87.638677,41.922167,-87.638888,member,"41.911386,-87.638677","41.922167,-87.638888"
20887ACE9461D787,classic_bike,2022-12-12 08:24:33,2022-12-12 08:31:16,8,53:17,Sedgwick St & North Ave,TA1307000038,Sedgwick St & Webster Ave,13191,41.911386,-87.638677,41.922167,-87.638888,casual,"41.911386,-87.638677","41.922167,-87.638888"
3331929590C9CEAC,classic_bike,2022-12-04 06:43:45,2022-12-04 06:56:49,6,46:56,Broadway & Belmont Ave,13277,Sedgwick St & Webster Ave,13191,41.940106,-87.645451,41.922167,-87.638888,casual,"41.940106,-87.645451","41.922167,-87.638888"
4AE345528774DBA6,classic_bike,2022-12-15 07:54:12,2022-12-15 08:00:45,7,53:27,Sedgwick St & North Ave,TA1307000038,Sedgwick St & Webster Ave,13191,41.911386,-87.638677,41.922167,-87.638888,casual,"41.911386,-87.638677","41.922167,-87.638888"
AF0719BF5BE626B6,electric_bike,2022-12-15 18:25:21,2022-12-15 18:32:57,18,52:23,Shields Ave & 31st St,KA1503000038,MLK Jr Dr & 29th St,TA1307000139,41.8383686666667,-87.6354496666667,41.842052,-87.617,member,"41.8383686666667,-87.6354496666667","41.842052,-87.617"
42A280E5165FD2E7,electric_bike,2022-12-13 18:30:32,2022-12-13 18:34:37,18,55:55,Sedgwick St & North Ave,TA1307000038,Sedgwick St & Webster Ave,13191,41.911329269,-87.638674974,41.922167,-87.638888,casual,"41.911329269,-87.638674974","41.922167,-87.638888"
87B73001DACBBF56,classic_bike,2022-12-06 07:47:24,2022-12-06 07:54:10,7,53:14,Sedgwick St & North Ave,TA1307000038,Sedgwick St & Webster Ave,13191,41.911386,-87.638677,41.922167,-87.638888,casual,"41.911386,-87.638677","41.922167,-87.638888"
F4C0047B393BC996,classic_bike,2022-12-05 08:12:24,2022-12-05 08:19:27,8,52:57,Sedgwick St & North Ave,TA1307000038,Sedgwick St & Webster Ave,13191,41.911386,-87.638677,41.922167,-87.638888,casual,"41.911386,-87.638677","41.922167,-87.638888"
3A6A485394B135C0,electric_bike,2022-12-30 18:10:40,2022-12-30 18:15:35,18,55:05,Shields Ave & 31st St,KA1503000038,MLK Jr Dr & 29th St,TA1307000139,41.8383901666667,-87.6353445,41.842052,-87.617,member,"41.8383901666667,-87.6353445","41.842052,-87.617"
341B92313C6BE7D6,electric_bike,2022-12-09 16:46:10,2022-12-09 16:56:51,16,49:19,Canal St & Adams St,13011,Wabash Ave & 16th St,SL-012,41.879206419,-87.639917135,41.860384,-87.625813,member,"41.879206419,-87.639917135","41.860384,-87.625813"
FA418CDCA7E85D16,electric_bike,2022-12-21 18:48:19,2022-12-21 18:52:23,18,55:56,Western Ave & Leland Ave,TA1307000140,Rockwell St & Eastwood Ave,KA1504000093,41.9664456666667,-87.6886868333333,41.96590013976,-87.6936384935,casual,"41.9664456666667,-87.6886868333333","41.96590013976,-87.6936384935"
0E1F2B63B944F738,electric_bike,2022-12-18 20:51:26,2022-12-18 20:56:15,20,55:10,Wabash Ave & 9th St,TA1309000010,Wabash Ave & 16th St,SL-012,41.8708616666667,-87.6259315,41.860384,-87.625813,casual,"41.8708616666667,-87.6259315","41.860384,-87.625813"
2B843243314EBCE4,electric_bike,2022-12-02 15:19:50,2022-12-02 15:25:13,15,54:37,Wabash Ave & 9th St,TA1309000010,Wabash Ave & 16th St,SL-012,41.870747924,-87.625751972,41.860384,-87.625813,casual,"41.870747924,-87.625751972","41.860384,-87.625813"
A9D490A55383F001,classic_bike,2022-12-05 18:07:21,2022-12-05 18:13:23,18,53:58,Clinton St & Roosevelt Rd,WL-008,Wabash Ave & 16th St,SL-012,41.8671177825,-87.6410879593,41.860384,-87.625813,member,"41.8671177825,-87.6410879593","41.860384,-87.625813"
DE179F5B93C2475A,electric_bike,2022-12-12 18:51:00,2022-12-12 18:56:03,18,54:57,Wabash Ave & 9th St,TA1309000010,Wabash Ave & 16th St,SL-012,41.8706568333333,-87.6256106666667,41.860384,-87.625813,casual,"41.8706568333333,-87.6256106666667","41.860384,-87.625813"
DB68885CB978F021,electric_bike,2022-12-05 18:12:40,2022-12-05 19:23:21,18,49:19,Clinton St & Roosevelt Rd,WL-008,Wabash Ave & 16th St,SL-012,41.8671255,-87.6410223333333,41.860384,-87.625813,member,"41.8671255,-87.6410223333333","41.860384,-87.625813"
341442088C95ABAF,electric_bike,2022-12-07 17:17:40,2022-12-07 17:22:38,17,55:02,Wabash Ave & 9th St,TA1309000010,Wabash Ave & 16th St,SL-012,41.870202,-87.6252551666667,41.860384,-87.625813,member,"41.870202,-87.6252551666667","41.860384,-87.625813"
F68B3473911B14A5,classic_bike,2022-12-15 21:15:34,2022-12-15 21:31:59,21,43:35,Western Ave & Roscoe St,15634,Rockwell St & Eastwood Ave,KA1504000093,41.943034,-87.687288,41.96590013976,-87.6936384935,member,"41.943034,-87.687288","41.96590013976,-87.6936384935"
291D4125CEDEBCE1,classic_bike,2022-12-08 19:30:50,2022-12-08 19:48:16,19,42:34,Western Ave & Roscoe St,15634,Rockwell St & Eastwood Ave,KA1504000093,41.943034,-87.687288,41.96590013976,-87.6936384935,member,"41.943034,-87.687288","41.96590013976,-87.6936384935"
37A48EF5CAC5786E,classic_bike,2022-12-12 18:58:12,2022-12-12 19:15:02,18,43:09,Western Ave & Roscoe St,15634,Rockwell St & Eastwood Ave,KA1504000093,41.943034,-87.687288,41.96590013976,-87.6936384935,member,"41.943034,-87.687288","41.96590013976,-87.6936384935"
63D34A6E943912AE,classic_bike,2022-12-21 13:26:19,2022-12-21 13:29:10,13,57:08,Calumet Ave & 18th St,13102,Wabash Ave & 16th St,SL-012,41.8576175529375,-87.6194107532501,41.860384,-87.625813,member,"41.8576175529375,-87.6194107532501","41.860384,-87.625813"
4D1F1F0915F6D2E2,electric_bike,2022-12-11 14:49:01,2022-12-11 14:54:53,14,54:08,Western Ave & Leland Ave,TA1307000140,Rockwell St & Eastwood Ave,KA1504000093,41.9664756666667,-87.6886728333333,41.96590013976,-87.6936384935,member,"41.9664756666667,-87.6886728333333","41.96590013976,-87.6936384935"
1FA4B9B3C19F81F9,classic_bike,2022-12-13 10:59:47,2022-12-13 11:02:15,10,57:32,Western Ave & Leland Ave,TA1307000140,Rockwell St & Eastwood Ave,KA1504000093,41.966399801841,-87.6887042820454,41.96590013976,-87.6936384935,member,"41.966399801841,-87.6887042820454","41.96590013976,-87.6936384935"
475E24B5C2FB1DA8,classic_bike,2022-12-06 16:44:22,2022-12-06 16:52:27,16,51:55,Wabash Ave & 9th St,TA1309000010,Wabash Ave & 16th St,SL-012,41.870769,-87.625734,41.860384,-87.625813,member,"41.870769,-87.625734","41.860384,-87.625813"
471662F932C43107,classic_bike,2022-12-20 07:13:55,2022-12-20 07:14:25,7,59:30,Wabash Ave & 16th St,SL-012,Wabash Ave & 16th St,SL-012,41.860384,-87.625813,41.860384,-87.625813,member,"41.860384,-87.625813","41.860384,-87.625813"
3B5D90894C0A6302,electric_bike,2022-12-19 15:37:15,2022-12-19 15:37:17,15,59:58,Wabash Ave & 16th St,SL-012,Wabash Ave & 16th St,SL-012,41.860517,-87.6257753333333,41.860384,-87.625813,member,"41.860517,-87.6257753333333","41.860384,-87.625813"
FE9D8A7A26F6E917,classic_bike,2022-12-06 13:21:31,2022-12-06 13:21:34,13,59:57,Knox Ave & Montrose Ave,592,Knox Ave & Montrose Ave,592,41.960631,-87.745359,41.960631,-87.745359,member,"41.960631,-87.745359","41.960631,-87.745359"
8602A572ADB87616,classic_bike,2022-12-19 12:07:51,2022-12-19 12:46:16,12,21:35,Rockwell St & Eastwood Ave,KA1504000093,Rockwell St & Eastwood Ave,KA1504000093,41.96590013976,-87.6936384935,41.96590013976,-87.6936384935,member,"41.96590013976,-87.6936384935","41.96590013976,-87.6936384935"
BD850F0C2EF9CBA0,electric_bike,2022-12-31 16:11:01,2022-12-31 16:11:24,16,59:37,Knox Ave & Montrose Ave,592,Knox Ave & Montrose Ave,592,41.960640192,-87.745372891,41.960631,-87.745359,member,"41.960640192,-87.745372891","41.960631,-87.745359"
2E5FFABBF1B8C5CF,electric_bike,2022-12-16 16:19:53,2022-12-16 16:48:32,16,31:21,Tripp Ave & 15th St,363,Tripp Ave & 15th St,363,41.86,-87.73,41.86,-87.73,member,"41.86,-87.73","41.86,-87.73"
64D37D27485EB5DE,classic_bike,2022-12-11 18:24:02,2022-12-11 18:39:59,18,44:03,Western Ave & Roscoe St,15634,Rockwell St & Eastwood Ave,KA1504000093,41.943034,-87.687288,41.96590013976,-87.6936384935,member,"41.943034,-87.687288","41.96590013976,-87.6936384935"
551656BDC75CA810,classic_bike,2022-12-16 20:38:09,2022-12-16 20:55:17,20,42:52,Western Ave & Roscoe St,15634,Rockwell St & Eastwood Ave,KA1504000093,41.943034,-87.687288,41.96590013976,-87.6936384935,member,"41.943034,-87.687288","41.96590013976,-87.6936384935"
014333029E1AC374,classic_bike,2022-12-20 16:33:45,2022-12-20 16:50:28,16,43:17,Western Ave & Roscoe St,15634,Rockwell St & Eastwood Ave,KA1504000093,41.943034,-87.687288,41.96590013976,-87.6936384935,member,"41.943034,-87.687288","41.96590013976,-87.6936384935"
D6C876E0E8170F6D,classic_bike,2022-12-19 20:03:12,2022-12-19 20:19:57,20,43:14,Western Ave & Roscoe St,15634,Rockwell St & Eastwood Ave,KA1504000093,41.943034,-87.687288,41.96590013976,-87.6936384935,member,"41.943034,-87.687288","41.96590013976,-87.6936384935"
51A10625605E8C0A,classic_bike,2022-12-10 09:47:18,2022-12-10 09:53:24,9,53:54,Wabash Ave & 9th St,TA1309000010,Wabash Ave & 16th St,SL-012,41.870769,-87.625734,41.860384,-87.625813,member,"41.870769,-87.625734","41.860384,-87.625813"
AC4BEC50EA9FBC87,classic_bike,2022-12-04 19:37:21,2022-12-04 19:54:01,19,43:20,Western Ave & Roscoe St,15634,Rockwell St & Eastwood Ave,KA1504000093,41.943034,-87.687288,41.96590013976,-87.6936384935,member,"41.943034,-87.687288","41.96590013976,-87.6936384935"
69E43FF4DFBD4225,classic_bike,2022-12-30 07:51:53,2022-12-30 07:54:24,7,57:29,Western Ave & Leland Ave,TA1307000140,Rockwell St & Eastwood Ave,KA1504000093,41.966399801841,-87.6887042820454,41.96590013976,-87.6936384935,member,"41.966399801841,-87.6887042820454","41.96590013976,-87.6936384935"
0D14E5721384A82C,electric_bike,2022-12-17 13:09:31,2022-12-17 13:13:32,13,55:59,Wabash Ave & 9th St,TA1309000010,Wabash Ave & 16th St,SL-012,41.8705956666667,-87.6257228333333,41.860384,-87.625813,member,"41.8705956666667,-87.6257228333333","41.860384,-87.625813"
58796827AA121396,classic_bike,2022-12-29 14:18:40,2022-12-29 14:24:04,14,54:35,Wabash Ave & 9th St,TA1309000010,Wabash Ave & 16th St,SL-012,41.870769,-87.625734,41.860384,-87.625813,member,"41.870769,-87.625734","41.860384,-87.625813"
B1899DF21A77AA97,classic_bike,2022-12-06 19:42:51,2022-12-06 20:00:19,19,42:31,Western Ave & Roscoe St,15634,Rockwell St & Eastwood Ave,KA1504000093,41.943034,-87.687288,41.96590013976,-87.6936384935,member,"41.943034,-87.687288","41.96590013976,-87.6936384935"
A11C8FBFD390C121,classic_bike,2022-12-07 17:20:15,2022-12-07 17:39:15,17,41:00,Western Ave & Roscoe St,15634,Rockwell St & Eastwood Ave,KA1504000093,41.943034,-87.687288,41.96590013976,-87.6936384935,member,"41.943034,-87.687288","41.96590013976,-87.6936384935"
C05F37F09125FF03,docked_bike,2022-12-28 17:07:56,2022-12-28 17:50:39,17,17:17,Canal St & Adams St,13011,Wabash Ave & 16th St,SL-012,41.879255,-87.639904,41.860384,-87.625813,casual,"41.879255,-87.639904","41.860384,-87.625813"
7E8F1C3E1DF3B16D,classic_bike,2022-12-01 18:12:36,2022-12-01 18:23:36,18,49:00,Canal St & Adams St,13011,Wabash Ave & 16th St,SL-012,41.879255,-87.639904,41.860384,-87.625813,member,"41.879255,-87.639904","41.860384,-87.625813"
07DC228B8C97F509,electric_bike,2022-12-26 12:48:44,2022-12-26 12:52:07,12,56:37,Shields Ave & 31st St,KA1503000038,Wentworth Ave & 35th St,KA1503000005,41.838477135,-87.635416985,41.830777,-87.632504,member,"41.838477135,-87.635416985","41.830777,-87.632504"
6B0A11A5196B10B6,classic_bike,2022-12-18 14:49:25,2022-12-18 15:02:18,14,47:06,Shields Ave & 31st St,KA1503000038,Wabash Ave & 16th St,SL-012,41.838464,-87.635406,41.860384,-87.625813,casual,"41.838464,-87.635406","41.860384,-87.625813"
029479F72F76C71D,classic_bike,2022-12-16 08:14:29,2022-12-16 08:20:14,8,54:15,Shields Ave & 31st St,KA1503000038,Wentworth Ave & 35th St,KA1503000005,41.838464,-87.635406,41.830777,-87.632504,casual,"41.838464,-87.635406","41.830777,-87.632504"
4421963A2DC42DE4,electric_bike,2022-12-10 14:38:48,2022-12-10 14:38:59,14,59:49,Princeton Ave & 47th St,KA1503000009,Princeton Ave & 47th St,KA1503000009,41.8093009,-87.633433223,41.80931770924,-87.633449288,member,"41.8093009,-87.633433223","41.80931770924,-87.633449288"
EC06ACD2C91A7833,classic_bike,2022-12-29 16:40:16,2022-12-29 16:47:31,16,52:45,Broadway & Belmont Ave,13277,Wilton Ave & Diversey Pkwy,TA1306000014,41.940106,-87.645451,41.932418,-87.652705,member,"41.940106,-87.645451","41.932418,-87.652705"
35CFF1597C070CD2,classic_bike,2022-12-04 14:37:03,2022-12-04 15:10:49,14,26:14,Wabash Ave & 16th St,SL-012,Wabash Ave & 16th St,SL-012,41.860384,-87.625813,41.860384,-87.625813,member,"41.860384,-87.625813","41.860384,-87.625813"
2DC48020A43E7256,classic_bike,2022-12-21 09:03:42,2022-12-21 09:04:19,9,59:22,Wabash Ave & 16th St,SL-012,Wabash Ave & 16th St,SL-012,41.860384,-87.625813,41.860384,-87.625813,member,"41.860384,-87.625813","41.860384,-87.625813"
C75748E19F445633,classic_bike,2022-12-04 09:52:54,2022-12-04 09:53:04,9,59:50,Wabash Ave & 16th St,SL-012,Wabash Ave & 16th St,SL-012,41.860384,-87.625813,41.860384,-87.625813,member,"41.860384,-87.625813","41.860384,-87.625813"
639AF6517D931AFC,electric_bike,2022-12-01 12:04:47,2022-12-01 12:05:23,12,59:24,Wabash Ave & 16th St,SL-012,Wabash Ave & 16th St,SL-012,41.860340118,-87.625894666,41.860384,-87.625813,member,"41.860340118,-87.625894666","41.860384,-87.625813"
1D86A49CC8FB21B6,classic_bike,2022-12-29 15:14:06,2022-12-29 15:14:23,15,59:43,Knox Ave & Montrose Ave,592,Knox Ave & Montrose Ave,592,41.960631,-87.745359,41.960631,-87.745359,member,"41.960631,-87.745359","41.960631,-87.745359"
507348FF78CBB208,classic_bike,2022-12-21 08:53:18,2022-12-21 08:56:04,8,57:13,Wabash Ave & 16th St,SL-012,Wabash Ave & 16th St,SL-012,41.860384,-87.625813,41.860384,-87.625813,member,"41.860384,-87.625813","41.860384,-87.625813"
3CB2D3353882B3EC,electric_bike,2022-12-27 12:07:36,2022-12-27 12:08:48,12,58:47,Wabash Ave & 16th St,SL-012,Wabash Ave & 16th St,SL-012,41.860318303,-87.625807166,41.860384,-87.625813,member,"41.860318303,-87.625807166","41.860384,-87.625813"
DB0C8326DA0608C4,electric_bike,2022-12-19 23:11:36,2022-12-19 23:44:12,23,27:24,Tripp Ave & 15th St,363,Tripp Ave & 15th St,363,41.86,-87.73,41.86,-87.73,member,"41.86,-87.73","41.86,-87.73"
1753FD3757A4DB67,classic_bike,2022-12-21 07:13:08,2022-12-21 07:13:31,7,59:36,Wabash Ave & 16th St,SL-012,Wabash Ave & 16th St,SL-012,41.860384,-87.625813,41.860384,-87.625813,member,"41.860384,-87.625813","41.860384,-87.625813"
5F6C1AE365BD6FF7,classic_bike,2022-12-30 08:12:22,2022-12-30 08:13:19,8,59:03,Wabash Ave & 16th St,SL-012,Wabash Ave & 16th St,SL-012,41.860384,-87.625813,41.860384,-87.625813,member,"41.860384,-87.625813","41.860384,-87.625813"
9FAF098DD7D01A65,electric_bike,2022-12-30 06:54:12,2022-12-30 07:14:15,6,39:57,Rockwell St & Eastwood Ave,KA1504000093,Rockwell St & Eastwood Ave,KA1504000093,41.965859532,-87.693673968,41.96590013976,-87.6936384935,casual,"41.965859532,-87.693673968","41.96590013976,-87.6936384935"
629FBCFEF51D59AB,classic_bike,2022-12-15 00:11:58,2022-12-15 00:20:05,0,51:53,Wabash Ave & 16th St,SL-012,Wabash Ave & 16th St,SL-012,41.860384,-87.625813,41.860384,-87.625813,casual,"41.860384,-87.625813","41.860384,-87.625813"
6F90ED4D92B3463F,electric_bike,2022-12-30 14:43:38,2022-12-30 14:44:05,14,59:33,Princeton Ave & 47th St,KA1503000009,Princeton Ave & 47th St,KA1503000009,41.809349656,-87.63349247,41.80931770924,-87.633449288,casual,"41.809349656,-87.63349247","41.80931770924,-87.633449288"
2D7A7461252FC0B8,electric_bike,2022-12-10 19:20:10,2022-12-10 19:34:35,19,45:34,Wentworth Ave & 35th St,KA1503000005,Wentworth Ave & 35th St,KA1503000005,41.8308355,-87.6324826666667,41.830777,-87.632504,casual,"41.8308355,-87.6324826666667","41.830777,-87.632504"
03EDF80DCDC9F9B4,classic_bike,2022-12-11 12:08:36,2022-12-11 12:10:06,12,58:29,Wabash Ave & 16th St,SL-012,Wabash Ave & 16th St,SL-012,41.860384,-87.625813,41.860384,-87.625813,casual,"41.860384,-87.625813","41.860384,-87.625813"
